<?xml version="1.0" encoding="UTF-8" standalone="yes"?>
<addon id="repository.NicksVid" name="NicksVid" version="0.0.1" provider-name="Phailpoet">
	<extension point="xbmc.addon.repository" name="NicksVid">
		<dir>
			<info compressed="false">https://raw.githubusercontent.com/totalrevolution/python-koding/master/zips/addons.xml</info>
			<checksum>https://raw.githubusercontent.com/totalrevolution/python-koding/master/zips/addons.xml.md5</checksum>
			<datadir zip="true">https://raw.githubusercontent.com/totalrevolution/python-koding/master/zips/</datadir>
		</dir>
		<info compressed="false">https://raw.githubusercontent.com/phailpoet/repository.NicksVid/master/zips/addons.xml</info>
		<checksum>https://raw.githubusercontent.com/phailpoet/repository.NicksVid/master/zips/addons.xml.md5</checksum>
		<datadir zip="true">https://raw.githubusercontent.com/phailpoet/repository.NicksVid/master/zips/</datadir>
	</extension>
	<extension point="xbmc.addon.metadata">
		<summary lang="en">Repository For NicksVid Kodi Addon</summary>
		<description lang="en">A repository containing all files and data needed for the NicksVid Kodi Video Streaming Addon</description>
		<genre>movies,tvshows,usa</genre>
	</extension>
</addon>